zip,index
24054,1
24055,2
24078,3
24089,4
24112,5
24113,6
24114,7
24115,8
24148,9
24165,10
24168,11
24540,12
24541,13
24543,14
24544,15
27006,16
27009,17
27010,18
27012,19
27013,20
27014,21
27016,22
27019,23
27021,24
27022,25
27023,26
27025,27
27027,28
27028,29
27040,30
27042,31
27043,32
27045,33
27046,34
27048,35
27050,36
27051,37
27052,38
27054,39
27094,40
27098,41
27099,42
27101,43
27102,44
27103,45
27104,46
27105,47
27106,48
27107,49
27108,50
27109,51
27110,52
27111,53
27113,54
27114,55
27115,56
27116,57
27117,58
27120,59
27127,60
27130,61
27150,62
27151,63
27152,64
27155,65
27156,66
27157,67
27198,68
27199,69
27201,70
27202,71
27203,72
27204,73
27205,74
27207,75
27208,76
27212,77
27213,78
27214,79
27215,80
27216,81
27217,82
27220,83
27228,84
27230,85
27231,86
27233,87
27235,88
27237,89
27239,90
27243,91
27244,92
27248,93
27249,94
27252,95
27253,96
27256,97
27258,98
27260,99
27261,100
27262,101
27263,102
27264,103
27265,104
27278,105
27282,106
27283,107
27284,108
27285,109
27288,110
27289,111
27291,112
27292,113
27293,114
27294,115
27295,116
27298,117
27299,118
27301,119
27302,120
27305,121
27310,122
27311,123
27312,124
27313,125
27314,126
27315,127
27316,128
27317,129
27320,130
27321,131
27322,132
27323,133
27326,134
27330,135
27331,136
27332,137
27340,138
27341,139
27342,140
27343,141
27344,142
27349,143
27350,144
27351,145
27355,146
27357,147
27358,148
27359,149
27360,150
27361,151
27370,152
27373,153
27374,154
27375,155
27377,156
27379,157
27395,158
27401,159
27402,160
27403,161
27404,162
27405,163
27406,164
27407,165
27408,166
27409,167
27410,168
27411,169
27412,170
27413,171
27415,172
27416,173
27417,174
27419,175
27420,176
27425,177
27427,178
27429,179
27435,180
27438,181
27455,182
27480,183
27495,184
27497,185
27498,186
27499,187
27501,188
27502,189
27503,190
27504,191
27505,192
27506,193
27507,194
27508,195
27509,196
27510,197
27511,198
27512,199
27513,200
27514,201
27515,202
27516,203
27517,204
27518,205
27519,206
27520,207
27521,208
27522,209
27523,210
27524,211
27525,212
27526,213
27527,214
27528,215
27529,216
27530,217
27531,218
27532,219
27533,220
27534,221
27536,222
27537,223
27539,224
27540,225
27541,226
27542,227
27543,228
27544,229
27545,230
27546,231
27549,232
27552,233
27553,234
27555,235
27556,236
27557,237
27559,238
27560,239
27562,240
27564,241
27565,242
27568,243
27569,244
27571,245
27572,246
27573,247
27574,248
27576,249
27577,250
27581,251
27582,252
27583,253
27584,254
27587,255
27588,256
27591,257
27592,258
27593,259
27596,260
27597,261
27599,262
27601,263
27602,264
27603,265
27604,266
27605,267
27606,268
27607,269
27608,270
27609,271
27610,272
27611,273
27612,274
27613,275
27614,276
27615,277
27616,278
27617,279
27619,280
27620,281
27621,282
27622,283
27623,284
27624,285
27625,286
27626,287
27627,288
27628,289
27629,290
27634,291
27635,292
27636,293
27640,294
27650,295
27656,296
27658,297
27661,298
27668,299
27675,300
27676,301
27690,302
27695,303
27697,304
27698,305
27699,306
27701,307
27702,308
27703,309
27704,310
27705,311
27706,312
27707,313
27708,314
27709,315
27709,316
27710,317
27711,318
27712,319
27713,320
27715,321
27717,322
27722,323
27803,324
27804,325
27807,326
27813,327
27816,328
27822,329
27830,330
27851,331
27856,332
27863,333
27868,334
27873,335
27878,336
27880,337
27882,338
27883,339
27891,340
27893,341
27894,342
27895,343
27896,344
28001,345
28002,346
28006,347
28007,348
28009,349
28010,350
28012,351
28016,352
28017,353
28020,354
28021,355
28023,356
28025,357
28026,358
28027,359
28031,360
28032,361
28033,362
28034,363
28035,364
28036,365
28037,366
28038,367
28039,368
28041,369
28042,370
28052,371
28053,372
28054,373
28055,374
28056,375
28070,376
28071,377
28072,378
28073,379
28075,380
28077,381
28078,382
28079,383
28080,384
28081,385
28082,386
28083,387
28086,388
28088,389
28089,390
28090,391
28091,392
28092,393
28093,394
28097,395
28098,396
28101,397
28102,398
28103,399
28104,400
28105,401
28106,402
28107,403
28108,404
28109,405
28110,406
28111,407
28112,408
28114,409
28115,410
28117,411
28119,412
28120,413
28123,414
28124,415
28125,416
28126,417
28127,418
28128,419
28129,420
28130,421
28133,422
28134,423
28135,424
28136,425
28137,426
28138,427
28144,428
28145,429
28146,430
28147,431
28150,432
28151,433
28152,434
28159,435
28163,436
28164,437
28166,438
28168,439
28169,440
28170,441
28173,442
28174,443
28201,444
28202,445
28203,446
28204,447
28205,448
28206,449
28207,450
28208,451
28209,452
28210,453
28211,454
28212,455
28213,456
28214,457
28215,458
28216,459
28217,460
28218,461
28219,462
28220,463
28221,464
28222,465
28223,466
28224,467
28226,468
28227,469
28228,470
28229,471
28230,472
28231,473
28232,474
28233,475
28234,476
28235,477
28236,478
28237,479
28241,480
28242,481
28243,482
28244,483
28246,484
28247,485
28250,486
28253,487
28254,488
28255,489
28256,490
28258,491
28260,492
28262,493
28263,494
28265,495
28266,496
28269,497
28270,498
28271,499
28272,500
28273,501
28274,502
28275,503
28277,504
28278,505
28280,506
28281,507
28282,508
28284,509
28285,510
28287,511
28288,512
28289,513
28290,514
28296,515
28297,516
28299,517
28320,518
28323,519
28325,520
28326,521
28332,522
28333,523
28334,524
28335,525
28337,526
28339,527
28341,528
28349,529
28355,530
28365,531
28368,532
28392,533
28398,534
28399,535
28401,536
28402,537
28403,538
28404,539
28405,540
28406,541
28407,542
28408,543
28409,544
28410,545
28411,546
28412,547
28420,548
28421,549
28422,550
28423,551
28424,552
28425,553
28428,554
28429,555
28430,556
28431,557
28432,558
28433,559
28434,560
28435,561
28436,562
28438,563
28439,564
28442,565
28443,566
28445,567
28448,568
28449,569
28450,570
28451,571
28452,572
28453,573
28454,574
28455,575
28456,576
28457,577
28458,578
28459,579
28460,580
28461,581
28462,582
28463,583
28464,584
28465,585
28466,586
28467,587
28468,588
28469,589
28470,590
28472,591
28478,592
28479,593
28480,594
28508,595
28518,596
28521,597
28539,598
28540,599
28541,600
28542,601
28543,602
28544,603
28545,604
28546,605
28547,606
28574,607
28578,608
28584,609
28601,610
28602,611
28603,612
28609,613
28610,614
28613,615
28625,616
28634,617
28650,618
28658,619
28660,620
28673,621
28677,622
28682,623
28687,624
28688,625
28689,626
28699,627
29014,628
29055,629
29056,630
29058,631
29067,632
29340,633
29341,634
29342,635
29440,636
29442,637
29510,638
29511,639
29518,640
29519,641
29526,642
29527,643
29528,644
29544,645
29545,646
29546,647
29554,648
29556,649
29564,650
29566,651
29568,652
29569,653
29571,654
29572,655
29574,656
29575,657
29576,658
29577,659
29578,660
29579,661
29580,662
29581,663
29582,664
29585,665
29587,666
29588,667
29589,668
29590,669
29592,670
29597,671
29598,672
29702,673
29703,674
29704,675
29706,676
29708,677
29710,678
29712,679
29714,680
29715,681
29716,682
29717,683
29720,684
29721,685
29722,686
29724,687
29726,688
29729,689
29730,690
29731,691
29732,692
29733,693
29734,694
29742,695
29743,696
29744,697
29745,698
